timestamp,time_seconds,timestamp_ns,t_ms,t_ms_corrected_ns,gripper_side,sw,opening_mm,angle_deg
2026-03-08T15:18:50.704188+00:00,12.148686,1772983130704188017,85524,1772983130704306432,right,ON,0.0,-0.26
2026-03-08T15:18:50.720546+00:00,12.165043,1772983130720545417,85540,1772983130720347392,right,ON,0.0,-0.26
2026-03-08T15:18:50.735821+00:00,12.180318,1772983130735820617,85556,1772983130736388352,right,ON,0.0,-0.26
2026-03-08T15:18:50.752247+00:00,12.196745,1772983130752246517,85572,1772983130752429312,right,ON,0.0,-0.26
2026-03-08T15:18:50.768795+00:00,12.213292,1772983130768794617,85588,1772983130768470272,right,ON,0.0,-0.26
2026-03-08T15:18:50.784118+00:00,12.228616,1772983130784118117,85604,1772983130784511232,right,ON,0.0,-0.26
2026-03-08T15:18:50.800610+00:00,12.245108,1772983130800610117,85620,1772983130800552192,right,ON,0.0,-0.26
2026-03-08T15:18:50.815983+00:00,12.260481,1772983130815983417,85636,1772983130816593152,right,ON,0.0,-0.26
2026-03-08T15:18:50.832393+00:00,12.276891,1772983130832392717,85652,1772983130832634112,right,ON,0.0,-0.26
2026-03-08T15:18:50.848835+00:00,12.293332,1772983130848834917,85668,1772983130848675072,right,ON,0.0,-0.26
2026-03-08T15:18:50.864263+00:00,12.308761,1772983130864263017,85684,1772983130864716032,right,ON,0.0,-0.26
2026-03-08T15:18:50.880689+00:00,12.325187,1772983130880689317,85700,1772983130880756992,right,ON,0.0,-0.26
2026-03-08T15:18:50.897158+00:00,12.341656,1772983130897158117,85716,1772983130896797952,right,ON,0.0,-0.26
2026-03-08T15:18:50.912425+00:00,12.356922,1772983130912425017,85732,1772983130912838912,right,ON,0.0,-0.26
2026-03-08T15:18:50.929142+00:00,12.373640,1772983130929142117,85748,1772983130928880128,right,ON,0.0,-0.26
2026-03-08T15:18:50.944258+00:00,12.388756,1772983130944257817,85764,1772983130944921088,right,ON,0.0,-0.26
2026-03-08T15:18:50.960708+00:00,12.405206,1772983130960708117,85780,1772983130960962048,right,ON,0.0,-0.26
2026-03-08T15:18:50.977178+00:00,12.421676,1772983130977177717,85796,1772983130977003008,right,ON,0.0,-0.26
2026-03-08T15:18:50.992505+00:00,12.437003,1772983130992505417,85812,1772983130993043968,right,ON,0.0,-0.26
2026-03-08T15:18:51.008931+00:00,12.453429,1772983131008930817,85828,1772983131009084928,right,ON,0.0,-0.26
2026-03-08T15:18:51.025445+00:00,12.469943,1772983131025445217,85844,1772983131025125888,right,ON,0.0,-0.26
2026-03-08T15:18:51.041222+00:00,12.485720,1772983131041222417,85860,1772983131041166848,right,ON,0.0,-0.26
2026-03-08T15:18:51.057510+00:00,12.502008,1772983131057509817,85876,1772983131057207808,right,ON,0.0,-0.26
2026-03-08T15:18:51.072742+00:00,12.517240,1772983131072742217,85892,1772983131073248768,right,ON,0.0,-0.26
2026-03-08T15:18:51.089141+00:00,12.533639,1772983131089141217,85908,1772983131089289728,right,ON,0.0,-0.26
2026-03-08T15:18:51.105787+00:00,12.550285,1772983131105787017,85924,1772983131105330688,right,ON,0.0,-0.26
2026-03-08T15:18:51.120788+00:00,12.565286,1772983131120787617,85940,1772983131121371648,right,ON,0.0,-0.26
2026-03-08T15:18:51.137276+00:00,12.581774,1772983131137276017,85956,1772983131137412608,right,ON,0.0,-0.26
2026-03-08T15:18:51.153625+00:00,12.598122,1772983131153624817,85972,1772983131153453568,right,ON,0.0,-0.26
2026-03-08T15:18:51.169304+00:00,12.613802,1772983131169303817,85988,1772983131169494528,right,ON,0.0,-0.26
2026-03-08T15:18:51.185653+00:00,12.630151,1772983131185653117,86004,1772983131185535744,right,ON,0.0,-0.26
2026-03-08T15:18:51.201104+00:00,12.645602,1772983131201104017,86020,1772983131201576704,right,ON,0.0,-0.26
2026-03-08T15:18:51.217531+00:00,12.662028,1772983131217530717,86036,1772983131217617664,right,ON,0.0,-0.26
2026-03-08T15:18:51.233840+00:00,12.678338,1772983131233840217,86052,1772983131233658624,right,ON,0.0,-0.26
2026-03-08T15:18:51.249156+00:00,12.693654,1772983131249156317,86068,1772983131249699584,right,ON,0.0,-0.26
2026-03-08T15:18:51.265677+00:00,12.710175,1772983131265677217,86084,1772983131265740544,right,ON,0.0,-0.26
2026-03-08T15:18:51.282099+00:00,12.726596,1772983131282099117,86100,1772983131281781504,right,ON,0.0,-0.26
2026-03-08T15:18:51.297572+00:00,12.742070,1772983131297572017,86116,1772983131297822464,right,ON,0.0,-0.26
2026-03-08T15:18:51.313905+00:00,12.758403,1772983131313905417,86132,1772983131313863424,right,ON,0.0,-0.26
2026-03-08T15:18:51.329179+00:00,12.773677,1772983131329179017,86148,1772983131329904384,right,ON,0.0,-0.26
2026-03-08T15:18:51.345627+00:00,12.790125,1772983131345627117,86164,1772983131345945344,right,ON,0.0,-0.26
2026-03-08T15:18:51.362123+00:00,12.806621,1772983131362123617,86180,1772983131361986304,right,ON,0.0,-0.26
2026-03-08T15:18:51.377430+00:00,12.821929,1772983131377430317,86196,1772983131378027264,right,ON,0.0,-0.26
2026-03-08T15:18:51.393890+00:00,12.838388,1772983131393890417,86212,1772983131394068224,right,ON,0.0,-0.26
2026-03-08T15:18:51.410379+00:00,12.854877,1772983131410378817,86228,1772983131410109184,right,ON,0.0,-0.26
2026-03-08T15:18:51.425909+00:00,12.870406,1772983131425908417,86244,1772983131426150400,right,ON,0.0,-0.26
2026-03-08T15:18:51.442234+00:00,12.886732,1772983131442234417,86260,1772983131442191360,right,ON,0.0,-0.26
2026-03-08T15:18:51.457691+00:00,12.902189,1772983131457691117,86276,1772983131458232320,right,ON,0.0,-0.26
2026-03-08T15:18:51.474272+00:00,12.918770,1772983131474271917,86292,1772983131474273280,right,ON,0.0,-0.26
2026-03-08T15:18:51.490530+00:00,12.935027,1772983131490529417,86308,1772983131490314240,right,ON,0.0,-0.26
2026-03-08T15:18:51.505965+00:00,12.950463,1772983131505964917,86324,1772983131506355200,right,ON,0.0,-0.26
2026-03-08T15:18:51.522197+00:00,12.966695,1772983131522196717,86340,1772983131522396160,right,ON,0.0,-0.26
2026-03-08T15:18:51.538608+00:00,12.983105,1772983131538607617,86356,1772983131538437120,right,ON,0.0,-0.26
2026-03-08T15:18:51.554060+00:00,12.998558,1772983131554059417,86372,1772983131554478080,right,ON,0.0,-0.26
2026-03-08T15:18:51.570476+00:00,13.014974,1772983131570475917,86388,1772983131570519040,right,ON,0.0,-0.26
2026-03-08T15:18:51.585809+00:00,13.030307,1772983131585808917,86404,1772983131586560000,right,ON,0.0,-0.26
2026-03-08T15:18:51.602320+00:00,13.046818,1772983131602320217,86420,1772983131602600960,right,ON,0.0,-0.26
2026-03-08T15:18:51.618733+00:00,13.063231,1772983131618732817,86436,1772983131618641920,right,ON,0.0,-0.26
2026-03-08T15:18:51.634183+00:00,13.078681,1772983131634182817,86452,1772983131634682880,right,ON,0.0,-0.26
2026-03-08T15:18:51.650631+00:00,13.095130,1772983131650631417,86468,1772983131650723840,right,ON,0.0,-0.26
2026-03-08T15:18:51.667050+00:00,13.111548,1772983131667050317,86484,1772983131666764800,right,ON,0.0,-0.26
2026-03-08T15:18:51.682474+00:00,13.126972,1772983131682473917,86500,1772983131682806016,right,ON,0.0,-0.26
2026-03-08T15:18:51.699008+00:00,13.143505,1772983131699007717,86516,1772983131698846976,right,ON,0.0,-0.26
2026-03-08T15:18:51.714446+00:00,13.158945,1772983131714446217,86532,1772983131714887936,right,ON,0.0,-0.26
2026-03-08T15:18:51.730787+00:00,13.175285,1772983131730787417,86548,1772983131730928896,right,ON,0.0,-0.26
2026-03-08T15:18:51.746982+00:00,13.191480,1772983131746982317,86564,1772983131746969856,right,ON,0.0,-0.26
2026-03-08T15:18:51.762468+00:00,13.206965,1772983131762467717,86580,1772983131763010816,right,ON,0.0,-0.26
2026-03-08T15:18:51.779031+00:00,13.223529,1772983131779031417,86596,1772983131779051776,right,ON,0.0,-0.26
2026-03-08T15:18:51.795364+00:00,13.239862,1772983131795364017,86612,1772983131795092736,right,ON,0.0,-0.26
2026-03-08T15:18:51.810759+00:00,13.255256,1772983131810758617,86628,1772983131811133696,right,ON,0.0,-0.26
2026-03-08T15:18:51.827124+00:00,13.271622,1772983131827123817,86644,1772983131827174656,right,ON,0.0,-0.18
2026-03-08T15:18:51.842590+00:00,13.287088,1772983131842589717,86660,1772983131843215616,right,ON,0.0,-0.26
2026-03-08T15:18:51.858972+00:00,13.303469,1772983131858971617,86676,1772983131859256576,right,ON,0.0,-0.26
2026-03-08T15:18:51.875437+00:00,13.319935,1772983131875437217,86692,1772983131875297536,right,ON,0.0,-0.26
2026-03-08T15:18:51.890898+00:00,13.335396,1772983131890898517,86708,1772983131891338496,right,ON,0.0,-0.26
2026-03-08T15:18:51.907309+00:00,13.351806,1772983131907308517,86724,1772983131907379456,right,ON,0.0,-0.26
2026-03-08T15:18:51.923996+00:00,13.368494,1772983131923996217,86740,1772983131923420672,right,ON,0.0,-0.26
2026-03-08T15:18:51.939165+00:00,13.383663,1772983131939164717,86756,1772983131939461632,right,ON,0.0,-0.26
2026-03-08T15:18:51.955632+00:00,13.400129,1772983131955631817,86772,1772983131955502592,right,ON,0.0,-0.26
2026-03-08T15:18:51.971363+00:00,13.415861,1772983131971363217,86788,1772983131971543552,right,ON,0.0,-0.26
2026-03-08T15:18:51.987318+00:00,13.431816,1772983131987317717,86804,1772983131987584512,right,ON,0.0,-0.26
2026-03-08T15:18:52.003735+00:00,13.448233,1772983132003735117,86820,1772983132003625472,right,ON,0.0,-0.26
2026-03-08T15:18:52.019125+00:00,13.463623,1772983132019125617,86836,1772983132019666432,right,ON,0.0,-0.26
2026-03-08T15:18:52.035555+00:00,13.480053,1772983132035555017,86852,1772983132035707392,right,ON,0.0,-0.26
2026-03-08T15:18:52.051952+00:00,13.496450,1772983132051952017,86868,1772983132051748352,right,ON,0.0,-0.26
2026-03-08T15:18:52.067392+00:00,13.511890,1772983132067392117,86884,1772983132067789312,right,ON,0.0,-0.26
2026-03-08T15:18:52.083923+00:00,13.528421,1772983132083922717,86900,1772983132083830272,right,ON,0.0,-0.26
2026-03-08T15:18:52.099273+00:00,13.543771,1772983132099273217,86916,1772983132099871232,right,ON,0.0,-0.26
2026-03-08T15:18:52.115667+00:00,13.560165,1772983132115666617,86932,1772983132115912192,right,ON,0.0,-0.26
2026-03-08T15:18:52.132141+00:00,13.576638,1772983132132140617,86948,1772983132131953152,right,ON,0.0,-0.26
2026-03-08T15:18:52.147520+00:00,13.592018,1772983132147519817,86964,1772983132147994112,right,ON,0.0,-0.26
2026-03-08T15:18:52.163957+00:00,13.608455,1772983132163957317,86980,1772983132164035072,right,ON,0.0,-0.26
2026-03-08T15:18:52.180422+00:00,13.624920,1772983132180422117,86996,1772983132180076288,right,ON,0.0,-0.18
2026-03-08T15:18:52.195763+00:00,13.640260,1772983132195762617,87012,1772983132196117248,right,ON,0.0,-0.26
2026-03-08T15:18:52.212388+00:00,13.656885,1772983132212387617,87028,1772983132212158208,right,ON,0.0,-0.26
2026-03-08T15:18:52.227501+00:00,13.671999,1772983132227501117,87044,1772983132228199168,right,ON,0.0,-0.26
2026-03-08T15:18:52.243979+00:00,13.688476,1772983132243978717,87060,1772983132244240128,right,ON,0.0,-0.26
2026-03-08T15:18:52.260333+00:00,13.704830,1772983132260333017,87076,1772983132260281088,right,ON,0.0,-0.26
2026-03-08T15:18:52.275797+00:00,13.720295,1772983132275797217,87092,1772983132276322048,right,ON,0.0,-0.26
2026-03-08T15:18:52.292213+00:00,13.736711,1772983132292213317,87108,1772983132292363008,right,ON,0.0,-0.26
2026-03-08T15:18:52.308667+00:00,13.753165,1772983132308667117,87124,1772983132308403968,right,ON,0.0,-0.26
2026-03-08T15:18:52.324117+00:00,13.768615,1772983132324116917,87140,1772983132324444928,right,ON,0.0,-0.26
2026-03-08T15:18:52.340523+00:00,13.785020,1772983132340522917,87156,1772983132340485888,right,ON,0.0,-0.18
2026-03-08T15:18:52.355908+00:00,13.800406,1772983132355907617,87172,1772983132356526848,right,ON,0.0,-0.26
2026-03-08T15:18:52.372379+00:00,13.816876,1772983132372378617,87188,1772983132372567808,right,ON,0.0,-0.26
2026-03-08T15:18:52.388774+00:00,13.833271,1772983132388773917,87204,1772983132388608768,right,ON,0.0,-0.26
2026-03-08T15:18:52.404240+00:00,13.848738,1772983132404240117,87220,1772983132404649728,right,ON,0.0,-0.26
2026-03-08T15:18:52.420649+00:00,13.865147,1772983132420648817,87236,1772983132420690688,right,ON,0.0,-0.26
2026-03-08T15:18:52.443504+00:00,13.888001,1772983132443503517,87252,1772983132436731904,right,ON,0.0,-0.26
2026-03-08T15:18:52.452335+00:00,13.896833,1772983132452335317,87268,1772983132452772864,right,ON,0.0,-0.26
2026-03-08T15:18:52.469007+00:00,13.913505,1772983132469007417,87284,1772983132468813824,right,ON,0.0,-0.26
2026-03-08T15:18:52.484180+00:00,13.928678,1772983132484180317,87300,1772983132484854784,right,ON,0.0,-0.26
2026-03-08T15:18:52.500633+00:00,13.945131,1772983132500633317,87316,1772983132500895744,right,ON,0.0,-0.26
2026-03-08T15:18:52.517082+00:00,13.961581,1772983132517082417,87332,1772983132516936704,right,ON,0.0,-0.26
2026-03-08T15:18:52.532487+00:00,13.976985,1772983132532486917,87348,1772983132532977664,right,ON,0.0,-0.26
2026-03-08T15:18:52.548864+00:00,13.993362,1772983132548863617,87364,1772983132549018624,right,ON,0.0,-0.26
2026-03-08T15:18:52.565406+00:00,14.009904,1772983132565405817,87380,1772983132565059584,right,ON,0.0,-0.26
2026-03-08T15:18:52.580772+00:00,14.025269,1772983132580771617,87396,1772983132581100544,right,ON,0.0,-0.26
2026-03-08T15:18:52.597162+00:00,14.041660,1772983132597161917,87412,1772983132597141504,right,ON,0.0,-0.26
2026-03-08T15:18:52.612620+00:00,14.057118,1772983132612620117,87428,1772983132613182464,right,ON,0.0,-0.26
2026-03-08T15:18:52.629044+00:00,14.073541,1772983132629043917,87444,1772983132629223424,right,ON,0.0,-0.26
2026-03-08T15:18:52.650698+00:00,14.095195,1772983132650698517,87460,1772983132645264384,right,ON,0.0,-0.26
2026-03-08T15:18:52.660728+00:00,14.105226,1772983132660728217,87476,1772983132661305344,right,ON,0.0,-0.26
2026-03-08T15:18:52.677169+00:00,14.121667,1772983132677169417,87492,1772983132677346560,right,ON,0.0,-0.26
2026-03-08T15:18:52.693554+00:00,14.138052,1772983132693553817,87508,1772983132693387520,right,ON,0.0,-0.26
2026-03-08T15:18:52.709058+00:00,14.153556,1772983132709058117,87524,1772983132709428480,right,ON,0.0,-0.26
2026-03-08T15:18:52.725375+00:00,14.169873,1772983132725375317,87540,1772983132725469440,right,ON,0.0,-0.26
2026-03-08T15:18:52.740878+00:00,14.185376,1772983132740878017,87556,1772983132741510400,right,ON,0.0,-0.26
2026-03-08T15:18:52.757288+00:00,14.201786,1772983132757287917,87572,1772983132757551360,right,ON,0.0,-0.26
2026-03-08T15:18:52.773738+00:00,14.218236,1772983132773738317,87588,1772983132773592320,right,ON,0.0,-0.26
2026-03-08T15:18:52.789111+00:00,14.233610,1772983132789111317,87604,1772983132789633280,right,ON,0.0,-0.26
2026-03-08T15:18:52.805579+00:00,14.250077,1772983132805578917,87620,1772983132805674240,right,ON,0.0,-0.26
2026-03-08T15:18:52.822010+00:00,14.266507,1772983132822009817,87636,1772983132821715200,right,ON,0.0,-0.26
2026-03-08T15:18:52.837379+00:00,14.281877,1772983132837379417,87652,1772983132837756160,right,ON,0.0,-0.26
2026-03-08T15:18:52.853864+00:00,14.298361,1772983132853863817,87668,1772983132853797120,right,ON,0.0,-0.26
2026-03-08T15:18:52.869855+00:00,14.314353,1772983132869854817,87684,1772983132869838080,right,ON,0.0,-0.26
2026-03-08T15:18:52.885678+00:00,14.330176,1772983132885678317,87700,1772983132885879040,right,ON,0.0,-0.26
2026-03-08T15:18:52.902006+00:00,14.346504,1772983132902005717,87716,1772983132901920000,right,ON,0.0,-0.26
2026-03-08T15:18:52.917323+00:00,14.361821,1772983132917323317,87732,1772983132917960960,right,ON,0.0,-0.26
2026-03-08T15:18:52.933807+00:00,14.378305,1772983132933806617,87748,1772983132934002176,right,ON,0.0,-0.26
2026-03-08T15:18:52.950275+00:00,14.394773,1772983132950275117,87764,1772983132950043136,right,ON,0.0,-0.26
2026-03-08T15:18:52.965666+00:00,14.410164,1772983132965665717,87780,1772983132966084096,right,ON,0.0,-0.26
2026-03-08T15:18:52.982104+00:00,14.426602,1772983132982103617,87796,1772983132982125056,right,ON,0.0,-0.26
2026-03-08T15:18:52.997457+00:00,14.441955,1772983132997456817,87812,1772983132998166016,right,ON,0.0,-0.26
2026-03-08T15:18:53.014002+00:00,14.458500,1772983133014002017,87828,1772983133014206976,right,ON,0.0,-0.26
2026-03-08T15:18:53.030381+00:00,14.474879,1772983133030381217,87844,1772983133030247936,right,ON,0.0,-0.26
2026-03-08T15:18:53.045793+00:00,14.490291,1772983133045792817,87860,1772983133046288896,right,ON,0.0,-0.26
2026-03-08T15:18:53.062239+00:00,14.506736,1772983133062238617,87876,1772983133062329856,right,ON,0.0,-0.26
2026-03-08T15:18:53.084377+00:00,14.528875,1772983133084377417,87892,1772983133078370816,right,ON,0.0,-0.26
2026-03-08T15:18:53.094104+00:00,14.538601,1772983133094103717,87908,1772983133094411776,right,ON,0.0,-0.26
2026-03-08T15:18:53.110540+00:00,14.555038,1772983133110539817,87924,1772983133110452736,right,ON,0.0,-0.26
2026-03-08T15:18:53.126216+00:00,14.570714,1772983133126216017,87940,1772983133126493696,right,ON,0.0,-0.26
2026-03-08T15:18:53.142372+00:00,14.586869,1772983133142371517,87956,1772983133142534656,right,ON,0.0,-0.26
2026-03-08T15:18:53.158693+00:00,14.603191,1772983133158692517,87972,1772983133158575616,right,ON,0.0,-0.26
2026-03-08T15:18:53.174082+00:00,14.618579,1772983133174081717,87988,1772983133174616832,right,ON,0.0,-0.26
2026-03-08T15:18:53.190461+00:00,14.634958,1772983133190460717,88004,1772983133190657792,right,ON,0.0,-0.26
2026-03-08T15:18:53.206973+00:00,14.651470,1772983133206972617,88020,1772983133206698752,right,ON,0.0,-0.26
2026-03-08T15:18:53.222450+00:00,14.666948,1772983133222449717,88036,1772983133222739712,right,ON,0.0,-0.26
2026-03-08T15:18:53.238829+00:00,14.683327,1772983133238829117,88052,1772983133238780672,right,ON,0.0,-0.26
2026-03-08T15:18:53.254172+00:00,14.698670,1772983133254171617,88068,1772983133254821632,right,ON,0.0,-0.26
2026-03-08T15:18:53.270658+00:00,14.715155,1772983133270657817,88084,1772983133270862592,right,ON,0.0,-0.26
2026-03-08T15:18:53.287058+00:00,14.731556,1772983133287057717,88100,1772983133286903552,right,ON,0.0,-0.26
2026-03-08T15:18:53.308269+00:00,14.752767,1772983133308269317,88116,1772983133302944512,right,ON,0.0,-0.26
2026-03-08T15:18:53.318885+00:00,14.763383,1772983133318884617,88132,1772983133318985472,right,ON,0.0,-0.26
2026-03-08T15:18:53.335293+00:00,14.779791,1772983133335293017,88148,1772983133335026432,right,ON,0.0,-0.26
2026-03-08T15:18:53.350608+00:00,14.795106,1772983133350608317,88164,1772983133351067392,right,ON,0.0,-0.26
2026-03-08T15:18:53.367105+00:00,14.811603,1772983133367105617,88180,1772983133367108352,right,ON,0.0,-0.26
2026-03-08T15:18:53.382558+00:00,14.827055,1772983133382557617,88196,1772983133383149312,right,ON,0.0,-0.26
2026-03-08T15:18:53.398867+00:00,14.843365,1772983133398867417,88212,1772983133399190272,right,ON,0.0,-0.26
2026-03-08T15:18:53.415326+00:00,14.859824,1772983133415326217,88228,1772983133415231232,right,ON,0.0,-0.26
2026-03-08T15:18:53.430874+00:00,14.875372,1772983133430873917,88244,1772983133431272448,right,ON,0.0,-0.26
2026-03-08T15:18:53.447212+00:00,14.891710,1772983133447212417,88260,1772983133447313408,right,ON,0.0,-0.26
2026-03-08T15:18:53.463588+00:00,14.908087,1772983133463588417,88276,1772983133463354368,right,ON,0.0,-0.26
2026-03-08T15:18:53.479120+00:00,14.923617,1772983133479119617,88292,1772983133479395328,right,ON,0.0,-0.26
2026-03-08T15:18:53.495450+00:00,14.939949,1772983133495450417,88308,1772983133495436288,right,ON,0.0,-0.26
2026-03-08T15:18:53.516526+00:00,14.961023,1772983133516525517,88324,1772983133511477248,right,ON,0.0,-0.26
2026-03-08T15:18:53.527246+00:00,14.971744,1772983133527246417,88340,1772983133527518208,right,ON,0.0,-0.26
2026-03-08T15:18:53.543907+00:00,14.988404,1772983133543906717,88356,1772983133543559168,right,ON,0.0,-0.26
2026-03-08T15:18:53.559252+00:00,15.003749,1772983133559251617,88372,1772983133559600128,right,ON,0.0,-0.26
2026-03-08T15:18:53.575484+00:00,15.019982,1772983133575484217,88388,1772983133575641088,right,ON,0.0,-0.26
2026-03-08T15:18:53.591845+00:00,15.036343,1772983133591845417,88404,1772983133591682048,right,ON,0.0,-0.26
2026-03-08T15:18:53.607376+00:00,15.051874,1772983133607375917,88420,1772983133607723008,right,ON,0.0,-0.35
2026-03-08T15:18:53.623695+00:00,15.068193,1772983133623695317,88436,1772983133623763968,right,ON,0.0,-0.26
2026-03-08T15:18:53.639151+00:00,15.083648,1772983133639150617,88452,1772983133639804928,right,ON,0.0,-0.26
2026-03-08T15:18:53.655562+00:00,15.100060,1772983133655562417,88468,1772983133655845888,right,ON,0.0,-0.26
2026-03-08T15:18:53.672060+00:00,15.116558,1772983133672060317,88484,1772983133671887104,right,ON,0.0,-0.26
2026-03-08T15:18:53.687545+00:00,15.132042,1772983133687544617,88500,1772983133687928064,right,ON,0.0,-0.26
2026-03-08T15:18:53.703883+00:00,15.148381,1772983133703883617,88516,1772983133703969024,right,ON,0.0,-0.26
2026-03-08T15:18:53.720342+00:00,15.164840,1772983133720342017,88532,1772983133720009984,right,ON,0.0,-0.26
2026-03-08T15:18:53.735716+00:00,15.180214,1772983133735715817,88548,1772983133736050944,right,ON,0.0,-0.26
2026-03-08T15:18:53.757063+00:00,15.201561,1772983133757062917,88564,1772983133752091904,right,ON,0.0,-0.26
2026-03-08T15:18:53.767519+00:00,15.212017,1772983133767519317,88580,1772983133768132864,right,ON,0.0,-0.26
2026-03-08T15:18:53.784015+00:00,15.228512,1772983133784014817,88596,1772983133784173824,right,ON,0.0,-0.26
2026-03-08T15:18:53.800429+00:00,15.244927,1772983133800429117,88612,1772983133800214784,right,ON,0.0,-0.26
2026-03-08T15:18:53.815680+00:00,15.260178,1772983133815680117,88628,1772983133816255744,right,ON,0.0,-0.26
2026-03-08T15:18:53.832077+00:00,15.276575,1772983133832076817,88644,1772983133832296704,right,ON,0.0,-0.26
2026-03-08T15:18:53.848571+00:00,15.293068,1772983133848571217,88660,1772983133848337664,right,ON,0.0,-0.26
2026-03-08T15:18:53.864307+00:00,15.308805,1772983133864306817,88676,1772983133864378624,right,ON,0.0,-0.26
2026-03-08T15:18:53.880389+00:00,15.324887,1772983133880389217,88692,1772983133880419584,right,ON,0.0,-0.26
2026-03-08T15:18:53.895796+00:00,15.340294,1772983133895796217,88708,1772983133896460544,right,ON,0.0,-0.26
2026-03-08T15:18:53.912255+00:00,15.356753,1772983133912255317,88724,1772983133912501504,right,ON,0.0,-0.26
2026-03-08T15:18:53.928642+00:00,15.373140,1772983133928641717,88740,1772983133928542720,right,ON,0.0,-0.26
2026-03-08T15:18:53.944131+00:00,15.388628,1772983133944130617,88756,1772983133944583680,right,ON,0.0,-0.26
2026-03-08T15:18:53.960538+00:00,15.405036,1772983133960537917,88772,1772983133960624640,right,ON,0.0,-0.26
2026-03-08T15:18:53.980888+00:00,15.425386,1772983133980888217,88788,1772983133976665600,right,ON,0.0,-0.26
2026-03-08T15:18:53.992345+00:00,15.436842,1772983133992344517,88804,1772983133992706560,right,ON,0.0,-0.26
2026-03-08T15:18:54.008802+00:00,15.453300,1772983134008801717,88820,1772983134008747520,right,ON,0.0,-0.26
2026-03-08T15:18:54.024050+00:00,15.468547,1772983134024049317,88836,1772983134024788480,right,ON,0.0,-0.26
2026-03-08T15:18:54.040502+00:00,15.484999,1772983134040501617,88852,1772983134040829440,right,ON,0.0,-0.35
2026-03-08T15:18:54.056887+00:00,15.501385,1772983134056887217,88868,1772983134056870400,right,ON,0.0,-0.26
2026-03-08T15:18:54.072369+00:00,15.516866,1772983134072368617,88884,1772983134072911360,right,ON,0.0,-0.26
2026-03-08T15:18:54.088745+00:00,15.533243,1772983134088745017,88900,1772983134088952320,right,ON,0.0,-0.26
2026-03-08T15:18:54.105192+00:00,15.549690,1772983134105192417,88916,1772983134104993280,right,ON,0.0,-0.26
2026-03-08T15:18:54.120626+00:00,15.565124,1772983134120626117,88932,1772983134121034240,right,ON,0.0,-0.26
2026-03-08T15:18:54.137044+00:00,15.581542,1772983134137044417,88948,1772983134137075200,right,ON,0.0,-0.26
2026-03-08T15:18:54.152500+00:00,15.596998,1772983134152500117,88964,1772983134153116160,right,ON,0.0,-0.26
2026-03-08T15:18:54.168886+00:00,15.613385,1772983134168886517,88980,1772983134169157376,right,ON,0.0,-0.26
2026-03-08T15:18:54.188899+00:00,15.633397,1772983134188898917,88996,1772983134185198336,right,ON,0.0,-0.26
2026-03-08T15:18:54.200755+00:00,15.645253,1772983134200755317,89012,1772983134201239296,right,ON,0.0,-0.26
2026-03-08T15:18:54.217250+00:00,15.661747,1772983134217249617,89028,1772983134217280256,right,ON,0.0,-0.26
2026-03-08T15:18:54.233641+00:00,15.678139,1772983134233640717,89044,1772983134233321216,right,ON,0.0,-0.26
2026-03-08T15:18:54.249019+00:00,15.693517,1772983134249019317,89060,1772983134249362176,right,ON,0.0,-0.26
2026-03-08T15:18:54.265341+00:00,15.709839,1772983134265340817,89076,1772983134265403136,right,ON,0.0,-0.26
2026-03-08T15:18:54.280756+00:00,15.725254,1772983134280756517,89092,1772983134281444096,right,ON,0.0,-0.26
2026-03-08T15:18:54.297299+00:00,15.741797,1772983134297299417,89108,1772983134297485056,right,ON,0.0,-0.18
2026-03-08T15:18:54.313734+00:00,15.758233,1772983134313734517,89124,1772983134313526016,right,ON,0.0,-0.26
2026-03-08T15:18:54.329077+00:00,15.773575,1772983134329076817,89140,1772983134329566976,right,ON,0.0,-0.26
2026-03-08T15:18:54.345482+00:00,15.789980,1772983134345482017,89156,1772983134345607936,right,ON,0.0,-0.26
2026-03-08T15:18:54.361879+00:00,15.806376,1772983134361878417,89172,1772983134361648896,right,ON,0.0,-0.26
2026-03-08T15:18:54.377333+00:00,15.821831,1772983134377333317,89188,1772983134377689856,right,ON,0.0,-0.26
2026-03-08T15:18:54.393723+00:00,15.838222,1772983134393723417,89204,1772983134393730816,right,ON,0.0,-0.26
2026-03-08T15:18:54.412763+00:00,15.857260,1772983134412762517,89220,1772983134409771776,right,ON,0.0,-0.26
2026-03-08T15:18:54.425584+00:00,15.870081,1772983134425583617,89236,1772983134425812992,right,ON,0.0,-0.26
2026-03-08T15:18:54.442182+00:00,15.886680,1772983134442181717,89252,1772983134441853952,right,ON,0.0,-0.35
2026-03-08T15:18:54.457438+00:00,15.901935,1772983134457437317,89268,1772983134457894912,right,ON,0.0,-0.26
2026-03-08T15:18:54.473853+00:00,15.918351,1772983134473853117,89284,1772983134473935872,right,ON,0.0,-0.26
2026-03-08T15:18:54.490317+00:00,15.934815,1772983134490316917,89300,1772983134489976832,right,ON,0.0,-0.26
2026-03-08T15:18:54.505692+00:00,15.950190,1772983134505691817,89316,1772983134506017792,right,ON,0.0,-0.35
2026-03-08T15:18:54.522129+00:00,15.966627,1772983134522128917,89332,1772983134522058752,right,ON,0.0,-0.26
2026-03-08T15:18:54.537396+00:00,15.981894,1772983134537396417,89348,1772983134538099712,right,ON,0.0,-0.26
2026-03-08T15:18:54.553827+00:00,15.998325,1772983134553827217,89364,1772983134554140672,right,ON,0.0,-0.26
2026-03-08T15:18:54.570228+00:00,16.014727,1772983134570228317,89380,1772983134570181632,right,ON,0.0,-0.26
2026-03-08T15:18:54.585744+00:00,16.030242,1772983134585744117,89396,1772983134586222592,right,ON,0.0,-0.26
2026-03-08T15:18:54.602198+00:00,16.046696,1772983134602197817,89412,1772983134602263552,right,ON,0.0,-0.26
2026-03-08T15:18:54.621412+00:00,16.065910,1772983134621411617,89428,1772983134618304512,right,ON,0.0,-0.26
2026-03-08T15:18:54.633950+00:00,16.078447,1772983134633949517,89444,1772983134634345472,right,ON,0.0,-0.35
2026-03-08T15:18:54.650452+00:00,16.094950,1772983134650451817,89460,1772983134650386432,right,ON,0.0,-0.26
2026-03-08T15:18:54.665969+00:00,16.110467,1772983134665968917,89476,1772983134666427648,right,ON,0.0,-0.26
2026-03-08T15:18:54.682344+00:00,16.126842,1772983134682344017,89492,1772983134682468608,right,ON,0.0,-0.26
2026-03-08T15:18:54.698711+00:00,16.143208,1772983134698710817,89508,1772983134698509568,right,ON,0.0,-0.26
2026-03-08T15:18:54.714220+00:00,16.158718,1772983134714219817,89524,1772983134714550528,right,ON,0.0,-0.26
2026-03-08T15:18:54.730700+00:00,16.175197,1772983134730699817,89540,1772983134730591488,right,ON,0.0,-0.26
2026-03-08T15:18:54.746807+00:00,16.191305,1772983134746807117,89556,1772983134746632448,right,ON,0.0,-0.26
2026-03-08T15:18:54.762259+00:00,16.206757,1772983134762259317,89572,1772983134762673408,right,ON,0.0,-0.26
2026-03-08T15:18:54.778708+00:00,16.223205,1772983134778707617,89588,1772983134778714368,right,ON,0.0,-0.26
2026-03-08T15:18:54.794471+00:00,16.238969,1772983134794470817,89604,1772983134794755328,right,ON,0.0,-0.26
2026-03-08T15:18:54.810687+00:00,16.255184,1772983134810686917,89620,1772983134810796288,right,ON,0.0,-0.35
2026-03-08T15:18:54.827667+00:00,16.272165,1772983134827667417,89636,1772983134826837248,right,ON,0.0,-0.26
2026-03-08T15:18:54.845455+00:00,16.289953,1772983134845454917,89652,1772983134842878208,right,ON,0.0,-0.26
2026-03-08T15:18:54.859015+00:00,16.303513,1772983134859014517,89668,1772983134858919168,right,ON,0.0,-0.26
2026-03-08T15:18:54.875329+00:00,16.319827,1772983134875329517,89684,1772983134874960128,right,ON,0.0,-0.35
2026-03-08T15:18:54.890739+00:00,16.335237,1772983134890739117,89700,1772983134891001088,right,ON,0.0,-0.26
2026-03-08T15:18:54.907159+00:00,16.351657,1772983134907158917,89716,1772983134907042048,right,ON,0.0,-0.26
2026-03-08T15:18:54.922562+00:00,16.367060,1772983134922562317,89732,1772983134923083264,right,ON,0.0,-0.35
2026-03-08T15:18:54.939167+00:00,16.383665,1772983134939167017,89748,1772983134939124224,right,ON,0.0,-0.26
2026-03-08T15:18:54.955456+00:00,16.399954,1772983134955455917,89764,1772983134955165184,right,ON,0.0,-0.26
2026-03-08T15:18:54.970640+00:00,16.415138,1772983134970640417,89780,1772983134971206144,right,ON,0.0,-0.26
2026-03-08T15:18:54.987106+00:00,16.431604,1772983134987106417,89796,1772983134987247104,right,ON,0.0,-0.26
2026-03-08T15:18:55.003491+00:00,16.447989,1772983135003490817,89812,1772983135003288064,right,ON,0.0,-0.26
2026-03-08T15:18:55.019003+00:00,16.463501,1772983135019003417,89828,1772983135019329024,right,ON,0.0,-0.26
2026-03-08T15:18:55.035364+00:00,16.479862,1772983135035363917,89844,1772983135035369984,right,ON,0.0,-0.26
2026-03-08T15:18:55.052602+00:00,16.497100,1772983135052602017,89860,1772983135051410944,right,ON,0.0,-0.26
2026-03-08T15:18:55.067254+00:00,16.511751,1772983135067253717,89876,1772983135067451904,right,ON,0.0,-0.26
2026-03-08T15:18:55.083688+00:00,16.528186,1772983135083687917,89892,1772983135083492864,right,ON,0.0,-0.26
2026-03-08T15:18:55.099113+00:00,16.543610,1772983135099112417,89908,1772983135099533824,right,ON,0.0,-0.26
2026-03-08T15:18:55.115532+00:00,16.560030,1772983135115531917,89924,1772983135115574784,right,ON,0.0,-0.26
2026-03-08T15:18:55.132029+00:00,16.576526,1772983135132028617,89940,1772983135131615744,right,ON,0.0,-0.26
2026-03-08T15:18:55.147386+00:00,16.591884,1772983135147386317,89956,1772983135147656704,right,ON,0.0,-0.35
2026-03-08T15:18:55.163671+00:00,16.608169,1772983135163671617,89972,1772983135163697920,right,ON,0.0,-0.26
2026-03-08T15:18:55.179160+00:00,16.623658,1772983135179159917,89988,1772983135179738880,right,ON,0.0,-0.26
2026-03-08T15:18:55.195551+00:00,16.640048,1772983135195550617,90004,1772983135195779840,right,ON,0.0,-0.26
2026-03-08T15:18:55.211936+00:00,16.656434,1772983135211936017,90020,1772983135211820800,right,ON,0.0,-0.26
2026-03-08T15:18:55.227455+00:00,16.671953,1772983135227454917,90036,1772983135227861760,right,ON,0.0,-0.26
2026-03-08T15:18:55.243815+00:00,16.688313,1772983135243815517,90052,1772983135243902720,right,ON,0.0,-0.26
2026-03-08T15:18:55.260255+00:00,16.704753,1772983135260254717,90068,1772983135259943680,right,ON,0.0,-0.26
2026-03-08T15:18:55.275865+00:00,16.720362,1772983135275865317,90084,1772983135275984640,right,ON,0.0,-0.26
2026-03-08T15:18:55.292428+00:00,16.736926,1772983135292427517,90100,1772983135292025600,right,ON,0.0,-0.26
2026-03-08T15:18:55.307589+00:00,16.752087,1772983135307589417,90116,1772983135308066560,right,ON,0.0,-0.35
2026-03-08T15:18:55.323967+00:00,16.768465,1772983135323966917,90132,1772983135324107520,right,ON,0.0,-0.26
2026-03-08T15:18:55.340425+00:00,16.784923,1772983135340424617,90148,1772983135340148480,right,ON,0.0,-0.26
2026-03-08T15:18:55.355639+00:00,16.800136,1772983135355638517,90164,1772983135356189440,right,ON,0.0,-0.26
2026-03-08T15:18:55.372103+00:00,16.816601,1772983135372103317,90180,1772983135372230400,right,ON,0.0,-0.26
2026-03-08T15:18:55.388466+00:00,16.832965,1772983135388466417,90196,1772983135388271360,right,ON,0.0,-0.35
2026-03-08T15:18:55.403948+00:00,16.848446,1772983135403947917,90212,1772983135404312320,right,ON,0.0,-0.26
2026-03-08T15:18:55.420957+00:00,16.865456,1772983135420957517,90228,1772983135420353536,right,ON,0.0,-0.26
2026-03-08T15:18:55.435802+00:00,16.880300,1772983135435802217,90244,1772983135436394496,right,ON,0.0,-0.26
2026-03-08T15:18:55.452234+00:00,16.896731,1772983135452233417,90260,1772983135452435456,right,ON,0.0,-0.26
2026-03-08T15:18:55.468680+00:00,16.913178,1772983135468680417,90276,1772983135468476416,right,ON,0.0,-0.26
2026-03-08T15:18:55.484122+00:00,16.928620,1772983135484122017,90292,1772983135484517376,right,ON,0.0,-0.26
2026-03-08T15:18:55.500523+00:00,16.945020,1772983135500522617,90308,1772983135500558336,right,ON,0.0,-0.26
2026-03-08T15:18:55.517001+00:00,16.961499,1772983135517001217,90324,1772983135516599296,right,ON,0.0,-0.26
2026-03-08T15:18:55.532397+00:00,16.976895,1772983135532396917,90340,1772983135532640256,right,ON,0.0,-0.26
2026-03-08T15:18:55.548790+00:00,16.993288,1772983135548790117,90356,1772983135548681216,right,ON,0.0,-0.26
2026-03-08T15:18:55.564132+00:00,17.008630,1772983135564131817,90372,1772983135564722176,right,ON,0.0,-0.26
2026-03-08T15:18:55.580456+00:00,17.024954,1772983135580455817,90388,1772983135580763136,right,ON,0.0,-0.26
2026-03-08T15:18:55.596916+00:00,17.041414,1772983135596915717,90404,1772983135596804096,right,ON,0.0,-0.26
2026-03-08T15:18:55.612432+00:00,17.056930,1772983135612432417,90420,1772983135612845056,right,ON,0.0,-0.26
2026-03-08T15:18:55.628678+00:00,17.073176,1772983135628677617,90436,1772983135628886016,right,ON,0.0,-0.26
2026-03-08T15:18:55.645171+00:00,17.089668,1772983135645170717,90452,1772983135644926976,right,ON,0.0,-0.26
2026-03-08T15:18:55.660620+00:00,17.105118,1772983135660620317,90468,1772983135660968192,right,ON,0.0,-0.26
2026-03-08T15:18:55.677087+00:00,17.121585,1772983135677086817,90484,1772983135677009152,right,ON,0.0,-0.35
2026-03-08T15:18:55.692474+00:00,17.136971,1772983135692473617,90500,1772983135693050112,right,ON,0.0,-0.26
2026-03-08T15:18:55.708911+00:00,17.153409,1772983135708911017,90516,1772983135709091072,right,ON,0.0,-0.26
2026-03-08T15:18:55.725344+00:00,17.169842,1772983135725344017,90532,1772983135725132032,right,ON,0.0,-0.26
2026-03-08T15:18:55.740756+00:00,17.185254,1772983135740756117,90548,1772983135741172992,right,ON,0.0,-0.26
2026-03-08T15:18:55.757117+00:00,17.201614,1772983135757116617,90564,1772983135757213952,right,ON,0.0,-0.26
2026-03-08T15:18:55.773431+00:00,17.217929,1772983135773431217,90580,1772983135773254912,right,ON,0.0,-0.26
2026-03-08T15:18:55.788883+00:00,17.233381,1772983135788883317,90596,1772983135789295872,right,ON,0.0,-0.26
2026-03-08T15:18:55.805311+00:00,17.249809,1772983135805311117,90612,1772983135805336832,right,ON,0.0,-0.26
2026-03-08T15:18:55.820742+00:00,17.265239,1772983135820741517,90628,1772983135821377792,right,ON,0.0,-0.26
2026-03-08T15:18:55.837179+00:00,17.281677,1772983135837179517,90644,1772983135837418752,right,ON,0.0,-0.26
2026-03-08T15:18:55.853590+00:00,17.298087,1772983135853589617,90660,1772983135853459712,right,ON,0.0,-0.26
2026-03-08T15:18:55.869089+00:00,17.313587,1772983135869088917,90676,1772983135869500672,right,ON,0.0,-0.26
2026-03-08T15:18:55.885444+00:00,17.329941,1772983135885443517,90692,1772983135885541632,right,ON,0.0,-0.26
2026-03-08T15:18:55.901884+00:00,17.346382,1772983135901883717,90708,1772983135901582592,right,ON,0.0,-0.26
2026-03-08T15:18:55.917336+00:00,17.361835,1772983135917336517,90724,1772983135917623808,right,ON,0.0,-0.35
2026-03-08T15:18:55.933940+00:00,17.378438,1772983135933940317,90740,1772983135933664768,right,ON,0.0,-0.26
2026-03-08T15:18:55.949171+00:00,17.393669,1772983135949170917,90756,1772983135949705728,right,ON,0.0,-0.26
2026-03-08T15:18:55.965447+00:00,17.409945,1772983135965447117,90772,1772983135965746688,right,ON,0.0,-0.26
2026-03-08T15:18:55.981921+00:00,17.426419,1772983135981921317,90788,1772983135981787648,right,ON,0.0,-0.26
2026-03-08T15:18:55.997300+00:00,17.441798,1772983135997300217,90804,1772983135997828608,right,ON,0.0,-0.26
2026-03-08T15:18:56.013756+00:00,17.458253,1772983136013755917,90820,1772983136013869568,right,ON,0.0,-0.26
2026-03-08T15:18:56.030151+00:00,17.474649,1772983136030151017,90836,1772983136029910528,right,ON,0.0,-0.35
2026-03-08T15:18:56.045615+00:00,17.490113,1772983136045614917,90852,1772983136045951488,right,ON,0.0,-0.26
2026-03-08T15:18:56.062075+00:00,17.506573,1772983136062074817,90868,1772983136061992448,right,ON,0.0,-0.26
2026-03-08T15:18:56.077454+00:00,17.521952,1772983136077453517,90884,1772983136078033408,right,ON,0.0,-0.26
2026-03-08T15:18:56.093919+00:00,17.538417,1772983136093919217,90900,1772983136094074368,right,ON,0.0,-0.26
2026-03-08T15:18:56.110354+00:00,17.554852,1772983136110354417,90916,1772983136110115328,right,ON,0.0,-0.26
2026-03-08T15:18:56.125601+00:00,17.570098,1772983136125600717,90932,1772983136126156288,right,ON,0.0,-0.26
2026-03-08T15:18:56.142115+00:00,17.586612,1772983136142115117,90948,1772983136142197248,right,ON,0.0,-0.26
2026-03-08T15:18:56.158618+00:00,17.603116,1772983136158618317,90964,1772983136158238464,right,ON,0.0,-0.35
2026-03-08T15:18:56.173942+00:00,17.618439,1772983136173941817,90980,1772983136174279424,right,ON,0.0,-0.26
2026-03-08T15:18:56.190338+00:00,17.634836,1772983136190337917,90996,1772983136190320384,right,ON,0.0,-0.35
2026-03-08T15:18:56.205773+00:00,17.650270,1772983136205772417,91012,1772983136206361344,right,ON,0.0,-0.26
2026-03-08T15:18:56.222191+00:00,17.666688,1772983136222190617,91028,1772983136222402304,right,ON,0.0,-0.26
2026-03-08T15:18:56.238621+00:00,17.683118,1772983136238620317,91044,1772983136238443264,right,ON,0.0,-0.26
2026-03-08T15:18:56.254168+00:00,17.698665,1772983136254167717,91060,1772983136254484224,right,ON,0.0,-0.26
2026-03-08T15:18:56.270482+00:00,17.714980,1772983136270482217,91076,1772983136270525184,right,ON,0.0,-0.26
2026-03-08T15:18:56.286987+00:00,17.731484,1772983136286986417,91092,1772983136286566144,right,ON,0.0,-0.26
2026-03-08T15:18:56.302171+00:00,17.746669,1772983136302171317,91108,1772983136302607104,right,ON,0.0,-0.26
2026-03-08T15:18:56.318624+00:00,17.763122,1772983136318624217,91124,1772983136318648064,right,ON,0.0,-0.26
2026-03-08T15:18:56.334087+00:00,17.778585,1772983136334087417,91140,1772983136334689024,right,ON,0.0,-0.26
2026-03-08T15:18:56.350475+00:00,17.794973,1772983136350474817,91156,1772983136350729984,right,ON,0.0,-0.35
2026-03-08T15:18:56.367751+00:00,17.812248,1772983136367750817,91172,1772983136366770944,right,ON,0.0,-0.26
2026-03-08T15:18:56.382355+00:00,17.826853,1772983136382354717,91188,1772983136382811904,right,ON,0.0,-0.26
2026-03-08T15:18:56.398801+00:00,17.843299,1772983136398801117,91204,1772983136398852864,right,ON,0.0,-0.26
2026-03-08T15:18:56.415232+00:00,17.859731,1772983136415232517,91220,1772983136414894080,right,ON,0.0,-0.26
2026-03-08T15:18:56.430625+00:00,17.875123,1772983136430625317,91236,1772983136430935040,right,ON,0.0,-0.26
2026-03-08T15:18:56.447077+00:00,17.891575,1772983136447077217,91252,1772983136446976000,right,ON,0.0,-0.26
2026-03-08T15:18:56.462487+00:00,17.906985,1772983136462487117,91268,1772983136463016960,right,ON,0.0,-0.26
2026-03-08T15:18:56.478743+00:00,17.923240,1772983136478742517,91284,1772983136479057920,right,ON,0.0,-0.26
2026-03-08T15:18:56.495175+00:00,17.939672,1772983136495174617,91300,1772983136495098880,right,ON,0.0,-0.35
2026-03-08T15:18:56.510598+00:00,17.955096,1772983136510598417,91316,1772983136511139840,right,ON,0.0,-0.26
2026-03-08T15:18:56.527061+00:00,17.971559,1772983136527061417,91332,1772983136527180800,right,ON,0.0,-0.26
2026-03-08T15:18:56.543521+00:00,17.988019,1772983136543521017,91348,1772983136543221760,right,ON,0.0,-0.26
2026-03-08T15:18:56.558903+00:00,18.003400,1772983136558902517,91364,1772983136559262720,right,ON,0.0,-0.26
2026-03-08T15:18:56.576294+00:00,18.020791,1772983136576294217,91380,1772983136575303680,right,ON,0.0,-0.26
2026-03-08T15:18:56.590744+00:00,18.035241,1772983136590743517,91396,1772983136591344640,right,ON,0.0,-0.26
2026-03-08T15:18:56.607192+00:00,18.051690,1772983136607191717,91412,1772983136607385600,right,ON,0.0,-0.26
2026-03-08T15:18:56.623610+00:00,18.068108,1772983136623609817,91428,1772983136623426560,right,ON,0.0,-0.26
2026-03-08T15:18:56.639066+00:00,18.083564,1772983136639066017,91444,1772983136639467520,right,ON,0.0,-0.26
2026-03-08T15:18:56.655421+00:00,18.099919,1772983136655421317,91460,1772983136655508736,right,ON,0.0,-0.26
2026-03-08T15:18:56.671896+00:00,18.116394,1772983136671896117,91476,1772983136671549696,right,ON,0.0,-0.26
2026-03-08T15:18:56.687215+00:00,18.131713,1772983136687214817,91492,1772983136687590656,right,ON,0.0,-0.26
2026-03-08T15:18:56.703705+00:00,18.148203,1772983136703705317,91508,1772983136703631616,right,ON,0.0,-0.26
2026-03-08T15:18:56.718983+00:00,18.163481,1772983136718982817,91524,1772983136719672576,right,OFF,0.0,-0.26
